page,post_title
https://www.reddit.com/r/NPD/,"<h3 class=""_eYtD2XCVieq6emjKBH3m"">NPD Discord Server Link</h3>"
https://www.reddit.com/r/NPD/,"<h3 class=""_eYtD2XCVieq6emjKBH3m"">Reminder: Only Narcissists may post here!</h3>"
https://www.reddit.com/r/NPD/,"<h3 class=""_eYtD2XCVieq6emjKBH3m"">How can I believe so highly of myself and have such low self esteem?</h3>"
https://www.reddit.com/r/NPD/,"<h3 class=""_eYtD2XCVieq6emjKBH3m"">Feeling like I'm always putting on a show (even when alone)</h3>"
https://www.reddit.com/r/NPD/,"<h3 class=""_eYtD2XCVieq6emjKBH3m"">My fiancé has been diagnosed with NPD. Anyone have any support on how to overcome his NPD demons?</h3>"
https://www.reddit.com/r/NPD/,"<h3 class=""_eYtD2XCVieq6emjKBH3m"">How to stop “using” friends?</h3>"
https://www.reddit.com/r/NPD/,"<h3 class=""_eYtD2XCVieq6emjKBH3m"">Has anyone here had a spiritual awakening?</h3>"
page,post_title
https://www.reddit.com/r/NPD/,NPD Discord Server Link
https://www.reddit.com/r/NPD/,Reminder: Only Narcissists may post here!
https://www.reddit.com/r/NPD/,How can I believe so highly of myself and have such low self esteem?
https://www.reddit.com/r/NPD/,Feeling like I'm always putting on a show (even when alone)
https://www.reddit.com/r/NPD/,My fiancé has been diagnosed with NPD. Anyone have any support on how to overcome his NPD demons?
https://www.reddit.com/r/NPD/,How to stop “using” friends?
https://www.reddit.com/r/NPD/,Has anyone here had a spiritual awakening?
